,risk_rank,occupation_code,total_asset,AGE,tw,n_tw,ntd,n_ntd,amt
count,6616.0,6616.0,6616.0,6616.0,6616.0,6616.0,6616.0,6616.0,6616.0
mean,1.6464631197097945,13.961910519951632,614643.6703446191,3.462061668681983,4.106106408706167,3.165205562273277,4.534310761789601,2.737001209189843,111645.94830713423
std,0.9233739143977064,4.2286572537234095,1529035.4989503424,1.0699268120037808,12.181839160673562,30.387515911196594,12.311430029292206,30.127726040264903,352195.2430604021
min,1.0,1.0,0.0,2.0,0.0,0.0,0.0,0.0,0.0
25%,1.0,12.0,20410.75,3.0,1.0,0.0,1.0,0.0,760.0
50%,1.0,13.0,160933.0,3.0,2.0,0.0,2.0,0.0,6315.5
75%,3.0,18.0,681764.5,4.0,3.0,0.0,4.0,0.0,80126.0
max,3.0,21.0,37641013.0,8.0,251.0,943.0,251.0,935.0,8707365.0
