,risk_rank,occupation_code,total_asset,AGE,debit,credit,tx_type1,tx_type2,tx_type3,n_cross_bank,cross_bank,n_ATM,ATM,amt
count,16183.0,16183.0,16183.0,16183.0,16183.0,16183.0,16183.0,16183.0,16183.0,16183.0,16183.0,16183.0,16183.0,16183.0
mean,1.8368658468763517,13.983315825248718,945396.5424210591,3.5824630785392078,6.693443737255144,3.442501390347896,0.7915714020886115,9.28066489526046,0.06370883025397021,6.4852005190632145,3.6507446085398256,1.3414694432429093,8.794475684360131,1160962.9057653092
std,0.9666073983516008,4.597113274177331,2933620.9958131625,1.2920878371726212,28.864240310542435,7.1521083627056905,1.8374153218148817,32.949416125197054,0.5525928029156036,14.707459630250405,23.848787753851518,4.721413599338097,32.74806965880436,6264103.680472033
min,0.0,1.0,0.0,0.0,0.0,0.0,0.0,0.0,0.0,0.0,0.0,0.0,0.0,-3152431.0
25%,1.0,12.0,52272.0,3.0,1.0,1.0,0.0,2.0,0.0,2.0,0.0,0.0,1.0,14407.5
50%,1.0,15.0,244285.0,3.0,2.0,2.0,0.0,4.0,0.0,4.0,0.0,0.0,4.0,101443.0
75%,3.0,18.0,819591.0,4.0,4.0,4.0,1.0,7.0,0.0,6.0,1.0,1.0,7.0,579279.5
max,3.0,20.0,73863211.0,9.0,432.0,393.0,44.0,479.0,30.0,397.0,421.0,393.0,479.0,337093687.0
