,risk_rank,occupation_code,total_asset,AGE,trans_no1,trans_no2,trans_no3,trans_no4,trans_no5,trade_amount_usd
count,4419.0,4419.0,4419.0,4419.0,4419.0,4419.0,4419.0,4419.0,4419.0,4419.0
mean,1.870785245530663,13.68816474315456,615364.008372935,3.3193030097307084,0.8972618239420683,0.22471147318397827,0.0,0.012219959266802444,0.09640190088255261,80205.16564833673
std,0.9564082280999271,5.2571340439284056,3203511.443070871,1.141273050955778,0.3615008413858921,1.9488630890280922,0.0,0.13230905610941157,0.33605330253124566,106607.96109890302
min,1.0,1.0,0.0,1.0,0.0,0.0,0.0,0.0,0.0,20.0
25%,1.0,12.0,33669.0,2.0,1.0,0.0,0.0,0.0,0.0,20740.0
50%,1.0,15.0,151412.0,3.0,1.0,0.0,0.0,0.0,0.0,50325.0
75%,3.0,18.0,463319.0,4.0,1.0,0.0,0.0,0.0,0.0,98467.5
max,3.0,20.0,54497222.0,8.0,2.0,42.0,0.0,4.0,4.0,2409560.0
